Ticker,Name,Weight,etf,ticker,trailing_pe,forward_pe,market_cap,rev90_0y,rev90_+1y,error
NVDA,NVIDIA CORP,15.470648,XLK,NVDA,29.576487,14.905945,5649190617088.0,0.04138661785323072,0.23483839395510553,
AAPL,APPLE INC,13.349314,XLK,AAPL,38.31114,34.821583,4869931925504.0,0.006922706339801854,-0.011029085223153379,
MSFT,MICROSOFT CORP,10.544371,XLK,MSFT,28.57703,21.885357,3842942959616.0,0.01809522729358304,0.045057005150306306,
AMD,ADVANCED MICRO DEVICES,5.038704,XLK,AMD,161.30025,40.67883,1034842210304.0,0.02601602235980427,0.18260929616970123,
MU,MICRON TECHNOLOGY INC,4.55313,XLK,MU,14.451332,5.219066,1213973397504.0,0.17604839758012103,0.26084008144133874,
AVGO,BROADCOM INC,4.527248,XLK,AVGO,45.24077,18.31202,1695307005952.0,0.002912153617178781,-0.0034827557857524116,
INTC,INTEL CORP,3.343194,XLK,INTC,,57.86876,630790946816.0,0.3951691353266156,0.34585587761149217,
PLTR,PALANTIR TECHNOLOGIES INC A,2.45146,XLK,PLTR,161.3248,81.253044,453577277440.0,0.09758278684082167,0.11920858637943543,
CSCO,CISCO SYSTEMS INC,2.394204,XLK,CSCO,33.693695,19.96324,442358235136.0,0.07997657563488225,0.07124300730956534,
LRCX,LAM RESEARCH CORP,2.386133,XLK,LRCX,60.43304,29.599966,434857443328.0,0.17524950347567048,0.19205657108855068,
AMAT,APPLIED MATERIALS INC,2.356232,XLK,AMAT,46.51507,29.255379,428574343168.0,0.04492769964099019,0.12529580947248675,
PANW,PALO ALTO NETWORKS INC,1.810675,XLK,PANW,1008.1,82.6469,329850322944.0,0.016634468832820604,-0.03303034014557671,
CRWD,CROWDSTRIKE HOLDINGS INC   A,1.519259,XLK,CRWD,9001.334,168.1539,276503363584.0,-0.02026410414407953,-0.013380926343468436,
KLAC,KLA CORP,1.467534,XLK,KLAC,56.52732,30.854282,269992787968.0,0.0688204531337866,0.11749608774125608,
SNDK,SANDISK CORP,1.463411,XLK,SNDK,23.309256,6.5278344,251839234048.0,0.10418593092890549,0.322194624389041,
TXN,TEXAS INSTRUMENTS INC,1.440435,XLK,TXN,44.650455,27.6002,268312150016.0,0.10752459957734439,0.13609522031282695,
ORCL,ORACLE CORP,1.337928,XLK,ORCL,22.304075,12.939669,431382593536.0,0.01195618262295195,0.006921147084676171,
MRVL,MARVELL TECHNOLOGY INC,1.316345,XLK,MRVL,90.162254,40.343086,244708294656.0,0.03834015483998221,0.0924971511447219,
STX,SEAGATE TECHNOLOGY HOLDINGS,1.201602,XLK,STX,60.99066,15.332644,193054392320.0,0.31016365278104274,0.3132281923540128,
ANET,ARISTA NETWORKS INC,1.200222,XLK,ANET,65.82539,39.971703,261514952704.0,0.13367188275382924,0.16784753745785008,
IBM,INTL BUSINESS MACHINES CORP,1.19182,XLK,IBM,19.7551,16.933722,209756798976.0,-0.011716953094455862,-0.02303000670250266,
APH,AMPHENOL CORP CL A,1.184494,XLK,APH,43.48,26.450584,214440476672.0,0.10664113182362711,0.14831994411456528,
ADI,ANALOG DEVICES INC,1.104966,XLK,ADI,49.483982,25.516695,202136485888.0,0.044926648385486656,0.10600014883670594,
QCOM,QUALCOMM INC,1.09044,XLK,QCOM,21.152174,18.117386,197452333056.0,-0.029335955293359528,-0.06918950969213222,
CRM,SALESFORCE INC,1.08687,XLK,CRM,21.511457,14.661948,193149878272.0,0.18592988300148705,0.0326694757658792,
WDC,WESTERN DIGITAL CORP,0.935056,XLK,WDC,15.432553,13.0801935,149729050624.0,0.1644485375300726,0.2916283749121782,
DELL,DELL TECHNOLOGIES  C,0.918194,XLK,DELL,32.68565,19.319212,357657378816.0,0.4095310509159804,0.34388502928756304,
NOW,SERVICENOW INC,0.798547,XLK,NOW,83.9875,26.846416,138930388992.0,-0.013645436928054644,-0.004213508292733481,
ACN,ACCENTURE PLC CL A,0.728414,XLK,ACN,15.89928,12.451811,121715277824.0,,0.011989098055414482,
GLW,CORNING INC,0.712786,XLK,GLW,73.95946,37.707382,141143932928.0,0.029896923390702712,0.025636677124848184,
FTNT,FORTINET INC,0.617578,XLK,FTNT,64.166664,47.89863,132765483008.0,0.09435673933661315,0.1027055585231369,
CDNS,CADENCE DESIGN SYS INC,0.541556,XLK,CDNS,69.99004,36.724358,96907952128.0,0.06849445972914237,0.01781318286172673,
ADBE,ADOBE INC,0.537747,XLK,ADBE,13.263951,8.589151,94481776640.0,0.0023904304166915136,0.00525927674955029,
SNPS,SYNOPSYS INC,0.526638,XLK,SNPS,85.49738,26.362791,93882785792.0,0.02505807973597851,0.07656447333356531,
LITE,LUMENTUM HOLDINGS INC,0.519519,XLK,LITE,,31.164467,97362173952.0,0.1991851736235395,0.2316077132554737,
DDOG,DATADOG INC   CLASS A,0.519117,XLK,DDOG,554.44,93.20011,99542777856.0,0.0437719892304389,0.04168184237805739,
HPE,HEWLETT PACKARD ENTERPRISE,0.47948,XLK,HPE,33.331734,14.7533245,92033138688.0,0.11774226060232484,0.16364896988906485,
INTU,INTUIT INC,0.433696,XLK,INTU,17.066181,10.3813715,75114692608.0,-0.12233485512996978,-0.12388849627621978,
MSI,MOTOROLA SOLUTIONS INC,0.415728,XLK,MSI,35.201416,23.025957,74043580416.0,0.04408524876002873,0.04921697566096195,
MPWR,MONOLITHIC POWER SYSTEMS INC,0.374997,XLK,MPWR,87.73492,41.28767,70752649216.0,0.14190587397828236,0.15623402210826276,
TER,TERADYNE INC,0.364474,XLK,TER,57.129772,38.536037,70203252736.0,0.24738141953542003,0.18455284222254287,
KEYS,KEYSIGHT TECHNOLOGIES IN,0.358249,XLK,KEYS,52.048717,27.728659,65482944512.0,0.12068049429405248,0.16996869190881525,
TEL,TE CONNECTIVITY PLC,0.353477,XLK,TEL,21.603922,17.059927,63891324928.0,0.019043984335662456,0.02374451444572223,
COHR,COHERENT CORP,0.350472,XLK,COHR,82.00487,23.996212,66003300352.0,0.15251695054185443,0.12223626682689237,
NXPI,NXP SEMICONDUCTORS NV,0.338174,XLK,NXPI,20.790102,13.435964,61442322432.0,0.01721052855553573,0.02400306722485035,
CIEN,CIENA CORP,0.300916,XLK,CIEN,87.74439,33.17821,55495348224.0,0.09570061332432189,0.2844246001867301,
ADSK,AUTODESK INC,0.249993,XLK,ADSK,27.390182,14.930219,44308000768.0,0.0003719934167476513,-0.004556104085841839,
P,EVERPURE INC A,0.249985,XLK,P,191.9726,33.19775,46698467328.0,0.1406033778317981,0.4032596916489932,
MCHP,MICROCHIP TECHNOLOGY INC,0.238996,XLK,MCHP,119.588234,17.741707,44157468672.0,0.1532072631122834,0.11448683346706523,
NTAP,NETAPP INC,0.236612,XLK,NTAP,31.95904,20.346302,44443729920.0,0.1238269706612094,0.12974972876107804,
FLEX,FLEX LTD,0.233592,XLK,FLEX,45.023167,16.398283,43076079616.0,0.037525323702986,0.015147788388373717,
WDAY,WORKDAY INC CLASS A,0.21047,XLK,WDAY,37.91039,14.066371,44859740160.0,0.032865780423576574,0.04689640986693244,
ROP,ROPER TECHNOLOGIES INC,0.200565,XLK,ROP,14.769487,14.533808,35042557952.0,0.013075567074521954,0.021080420226246677,
JBL,JABIL INC,0.176129,XLK,JBL,31.253595,13.7319,31898236928.0,0.05643706013511984,0.2685671874239548,
ON,ON SEMICONDUCTOR,0.174796,XLK,ON,55.48366,18.74448,33049257984.0,0.03294242898391753,0.04988872403560829,
HPQ,HP INC,0.164852,XLK,HPQ,12.259542,10.235916,28965525504.0,0.07546950924434359,0.04251841368243747,
TDY,TELEDYNE TECHNOLOGIES INC,0.159249,XLK,TDY,29.84381,23.057268,28592951296.0,0.0249605318373749,0.029928243594881332,
CTSH,COGNIZANT TECH SOLUTIONS A,0.153758,XLK,CTSH,12.691974,9.235377,27675230208.0,0.008464874545678125,0.025087494761640405,
Q,QNITY ELECTRONICS INC,0.150667,XLK,Q,46.95714,24.447113,27523917824.0,0.11446210684944824,0.12899325308691223,
FFIV,F5 INC,0.140871,XLK,FFIV,36.207336,25.117334,25711007744.0,0.05090993319738768,0.021879374009311503,
SMCI,SUPER MICRO COMPUTER INC,0.132267,XLK,SMCI,13.40184,8.203278,28261881856.0,0.35900231531523064,0.4358946707179312,
VRSN,VERISIGN INC,0.130723,XLK,VRSN,31.305103,26.064638,26064128000.0,0.010842006974081997,0.048575009462601404,
FSLR,FIRST SOLAR INC,0.103706,XLK,FSLR,10.765105,7.521657,18765299712.0,0.007234501409880245,-0.003158192878333077,
ZBRA,ZEBRA TECHNOLOGIES CORP CL A,0.099585,XLK,ZBRA,34.482567,16.93089,17903486976.0,0.13470148971995077,0.07358183731694146,
CDW,CDW CORP/DE,0.095209,XLK,CDW,16.020433,11.09342,16663571456.0,0.028028949207555387,0.0322743881432046,
PTC,PTC INC,0.089106,XLK,PTC,13.969932,16.129286,15628156928.0,0.015330127388062387,0.030984777199859037,
AKAM,AKAMAI TECHNOLOGIES INC,0.086168,XLK,AKAM,39.463768,15.902702,15653612544.0,-0.011230165526176616,-0.04083604663375695,
FICO,FAIR ISAAC CORP,0.080135,XLK,FICO,19.155561,12.87043,14281437184.0,-0.0021095488607274504,-0.05609876142203607,
TRMB,TRIMBLE INC,0.075213,XLK,TRMB,,13.903728,13412504576.0,0.023151128986852454,0.014801259848700399,
TYL,TYLER TECHNOLOGIES INC,0.070508,XLK,TYL,42.363518,21.027843,13219803136.0,0.016807427187480517,0.03552678708143797,
SWKS,SKYWORKS SOLUTIONS INC,0.070157,XLK,SWKS,44.056995,17.133991,12789019648.0,0.006730308355967329,-0.0340735463854519,
GDDY,GODADDY INC   CLASS A,0.068868,XLK,GDDY,14.401482,8.815234,12311422976.0,0.040236574921483914,0.02688034755109614,
IT,GARTNER INC,0.068258,XLK,IT,16.618706,11.296748,11669931008.0,0.05682105953005623,0.06843006578294242,
GEN,GEN DIGITAL INC,0.067208,XLK,GEN,12.859649,6.6453114,13162928128.0,0.010025521392728942,0.006800030425192061,
-,SSI US GOV MONEY MARKET CLASS,0.048883,XLK,-,,,,,,
IXTZ6,XAK TECHNOLOGY    DEC26,0.00331,XLK,IXTZ6,,,,,,
-,US DOLLAR,0.00205,XLK,-,,,,,,
BRK-B,BERKSHIRE HATHAWAY INC CL B,12.357525,XLF,BRK-B,12.642103,23.223097,1076027719680.0,0.034544793004489094,0.007951605805254447,
JPM,JPMORGAN CHASE + CO,11.740938,XLF,JPM,14.246893,13.301591,883527974912.0,0.06535963638731901,0.051699810749305186,
V,VISA INC CLASS A SHARES,8.12953,XLF,V,30.668367,24.03711,677086953472.0,0.00625134071404343,0.008885736090612495,
MA,MASTERCARD INC   A,5.895767,XLF,MA,30.211159,23.985432,483785244672.0,0.013929757515078967,0.010737390041619443,
BAC,BANK OF AMERICA CORP,4.632255,XLF,BAC,12.413395,10.222246,375860232192.0,0.02600749765698218,0.035039563028132825,
GS,GOLDMAN SACHS GROUP INC,3.460767,XLF,GS,13.928394,12.35921,262799654912.0,0.1440238910240761,0.1026506991417897,
WFC,WELLS FARGO + CO,3.217145,XLF,WFC,11.693314,10.104258,243280723968.0,0.04574902137695336,0.013480567360453,
MS,MORGAN STANLEY,2.975103,XLF,MS,15.200479,13.976374,298894458880.0,0.07563031535212117,0.06430112997083381,
C,CITIGROUP INC,2.824233,XLF,C,13.846983,9.962792,215550623744.0,0.024149569396421322,0.025064752066542573,
SCHW,SCHWAB (CHARLES) CORP,2.119904,XLF,SCHW,17.613844,12.3540535,167226753024.0,0.04967455717107616,0.07176658095152044,
AXP,AMERICAN EXPRESS CO,2.10939,XLF,AXP,18.383728,15.010406,204470304768.0,-0.0009628669022979652,0.00031677733185109247,
BLK,BLACKROCK INC,2.03248,XLF,BLK,25.38036,16.476572,172164644864.0,0.05014025991875348,0.055590443910085385,
PGR,PROGRESSIVE CORP,1.625877,XLF,PGR,10.547141,12.9524765,122063921152.0,0.04566883466110738,-0.012283608837044713,
COF,CAPITAL ONE FINANCIAL CORP,1.581801,XLF,COF,10.7283745,8.082026,119460724736.0,0.027274886278521704,-0.01752712093948361,
SPGI,S+P GLOBAL INC,1.553858,XLF,SPGI,23.52436,19.105837,113872396288.0,-0.05066613545816723,-0.009922624877571118,
CB,CHUBB LTD,1.542023,XLF,CB,11.725373,11.3421,127657328640.0,0.02625494620973856,-0.0020848612053678828,
BNY,BANK OF NEW YORK MELLON CORP,1.294507,XLF,BNY,17.146227,14.184785,98654494720.0,0.043490778227620375,0.04731192660550443,
CME,CME GROUP INC,1.26378,XLF,CME,22.318916,20.349533,94619688960.0,-0.0021634777905482627,0.0005764665463696694,
USB,US BANCORP,1.184767,XLF,USB,11.479041,9.915619,89603538944.0,0.02658711929357538,0.02563269514979316,
PNC,PNC FINANCIAL SERVICES GROUP,1.167565,XLF,PNC,12.1645565,10.301787,88178524160.0,0.0257494420619937,0.02249375568338241,
HOOD,ROBINHOOD MARKETS INC   A,1.164986,XLF,HOOD,50.106667,32.800144,101362540544.0,0.1451875495383561,0.11105331195627288,
ICE,INTERCONTINENTAL EXCHANGE IN,1.127258,XLF,ICE,21.177713,17.07245,84293378048.0,-0.001952908961750599,-0.002275684548828094,
BX,BLACKSTONE INC,1.116912,XLF,BX,25.000002,14.968296,133574524928.0,0.004517079893964215,-0.01296835504215299,
MRSH,MARSH + MCLENNAN COS,1.087147,XLF,MRSH,20.739025,14.886582,81154547712.0,0.00517875057832895,0.009513028386205047,
TRV,TRAVELERS COS INC/THE,1.00004,XLF,TRV,9.679829,11.883368,75166269440.0,0.211123550576936,0.06190967414818349,
MCO,MOODY S CORP,0.883347,XLF,MCO,28.005075,23.316727,76435161088.0,0.014241339055465652,0.01738305058509626,
KKR,KKR + CO INC,0.836019,XLF,KKR,28.846645,12.192783,83390988288.0,0.04508460798794567,0.0038607944994524246,
AJG,ARTHUR J GALLAGHER + CO,0.787741,XLF,AJG,37.435432,15.211962,57961263104.0,-0.006284528921712718,-0.00043371841252326515,
AON,AON PLC CLASS A,0.775857,XLF,AON,14.862108,13.304518,57157201920.0,-0.025247090445591813,-0.053920741970187924,
ALL,ALLSTATE CORP,0.752272,XLF,ALL,4.4801764,8.053567,56574439424.0,0.16514718597821765,0.05684198353118575,
TFC,TRUIST FINANCIAL CORP,0.749519,XLF,TFC,10.678162,9.306715,56744538112.0,-0.0024564981327966917,-0.019716611631880765,
APO,APOLLO GLOBAL MANAGEMENT INC,0.716164,XLF,APO,40.721428,10.656872,67333730304.0,-0.02146639055241506,0.0004656721107290096,
MET,METLIFE INC,0.667671,XLF,MET,18.055449,8.646976,60008087552.0,0.019647622623532035,0.010237459634406365,
AFL,AFLAC INC,0.657614,XLF,AFL,12.032362,14.76813,55919833088.0,-0.004061877976131334,-0.005298315022560285,
STT,STATE STREET CORP,0.635838,XLF,STT,15.530451,11.407301,48336523264.0,0.07852730336224134,0.08677220719197387,
FITB,FIFTH THIRD BANCORP,0.606068,XLF,FITB,17.127945,10.271248,46117367808.0,-0.0042432677054239365,0.0037025185331052146,
PYPL,PAYPAL HOLDINGS INC,0.601736,XLF,PYPL,9.981096,9.126721,45513601024.0,0.015885309198215847,0.007044570354317381,
AMP,AMERIPRISE FINANCIAL INC,0.579556,XLF,AMP,11.854866,9.501154,43396444160.0,0.04611865958747541,0.06991254500749733,
COIN,COINBASE GLOBAL INC  CLASS A,0.559148,XLF,COIN,,64.659744,48282157056.0,-4.1275501209955285,-0.40888242813103093,
NDAQ,NASDAQ INC,0.536683,XLF,NDAQ,26.335278,19.310814,50492424192.0,0.04781748547949394,0.05404181294587951,
XYZ,BLOCK INC,0.530814,XLF,XYZ,132.73215,14.302648,44657094656.0,0.038615200260701865,0.04552733652004548,
MSCI,MSCI INC,0.525639,XLF,MSCI,29.318928,23.818094,38963564544.0,0.0009151363243680155,-0.004428104387116494,
AIG,AMERICAN INTERNATIONAL GROUP,0.522908,XLF,AIG,13.673358,8.506672,39180386304.0,0.0049377826927292645,-0.010190952537737163,
PRU,PRUDENTIAL FINANCIAL INC,0.517377,XLF,PRU,10.208523,7.5775213,38847000576.0,0.05594785917895706,0.017216310794455625,
IBKR,INTERACTIVE BROKERS GRO CL A,0.515458,XLF,IBKR,35.039684,27.624743,150446915584.0,0.06787614499520078,0.10313048213491771,
HIG,HARTFORD INSURANCE GROUP INC,0.451559,XLF,HIG,8.699103,9.215508,34143416320.0,0.01042593809854786,-0.0182981529304036,
ACGL,ARCH CAPITAL GROUP LTD,0.424663,XLF,ACGL,7.3239436,9.587776,31917598720.0,0.023124439047568668,-0.01257140892024855,
MTB,M + T BANK CORP,0.416174,XLF,MTB,11.600847,10.399419,31760615424.0,0.029269943997675796,0.006954240495441244,
NTRS,NORTHERN TRUST CORP,0.410407,XLF,NTRS,14.537744,13.3820305,31358597120.0,-0.0362800489970907,0.04756946429059572,
HBAN,HUNTINGTON BANCSHARES INC,0.406851,XLF,HBAN,11.792308,8.6708145,30972958720.0,-0.04465283815675081,-0.07156985681831296,
CBOE,CBOE GLOBAL MARKETS INC,0.383788,XLF,CBOE,21.142635,17.914328,28327958528.0,0.02381291813895725,0.02895773491719522,
RJF,RAYMOND JAMES FINANCIAL INC,0.36658,XLF,RJF,13.793374,11.138867,30433548288.0,0.021319305454695625,0.0510253539511627,
WTW,WILLIS TOWERS WATSON PLC,0.359045,XLF,WTW,17.88166,12.628617,26803767296.0,0.017642087904311765,0.029844990575455865,
CFG,CITIZENS FINANCIAL GROUP,0.355658,XLF,CFG,14.01525,9.839791,27094304768.0,0.015081084088410801,0.016491828716336476,
ARES,ARES MANAGEMENT CORP   A,0.346043,XLF,ARES,54.170506,16.36797,39000260608.0,-0.017026389808771136,-0.018405302082863506,
CPAY,CORPAY INC,0.339328,XLF,CPAY,23.699701,12.547689,25909278720.0,0.02310542637454005,0.02751025614551894,
CINF,CINCINNATI FINANCIAL CORP,0.329841,XLF,CINF,7.646364,17.932238,24855769088.0,-0.030059219651069502,-0.01343245874432919,
FISV,FISERV INC,0.319935,XLF,FISV,8.498085,5.5283804,23589171200.0,-0.10709593936779838,-0.10234079066010648,
SYF,SYNCHRONY FINANCIAL,0.308435,XLF,SYF,7.3610253,6.8657737,23351865344.0,0.013277058567919164,-0.009796231182709003,
RF,REGIONS FINANCIAL CORP,0.304493,XLF,RF,11.01626,9.521869,23087290368.0,0.009843265224926068,-0.004101056756945831,
TROW,T ROWE PRICE GROUP INC,0.299291,XLF,TROW,10.504016,10.136409,22317105152.0,0.061251100003428816,0.05857039592742774,
PFG,PRINCIPAL FINANCIAL GROUP,0.289932,XLF,PFG,15.948718,10.750479,23971155968.0,0.025822248593596164,0.021093645825979834,
KEY,KEYCORP,0.241099,XLF,KEY,11.74269,9.408677,21427941376.0,0.005422059944189428,-0.00809161511612233,
GPN,GLOBAL PAYMENTS INC,0.236618,XLF,GPN,37.14692,4.895589,20740788224.0,-0.013446704675555976,-0.00971216680532061,
BRO,BROWN + BROWN INC,0.235671,XLF,BRO,19.140574,12.446891,20046508032.0,-0.0041846490272858805,-0.011163635392463123,
L,LOEWS CORP,0.230605,XLF,L,13.009816,36.56207,21675470848.0,,,'current'
FIS,FIDELITY NATIONAL INFO SERV,0.226282,XLF,FIS,4.9831023,4.8414946,16767558656.0,-0.012967537331272205,-0.02213364869402712,
WRB,WR BERKLEY CORP,0.206807,XLF,WRB,14.193416,14.187519,25607276544.0,0.04832824468370012,0.012302906767327482,
IVZ,INVESCO LTD,0.178056,XLF,IVZ,,9.372593,13536382976.0,0.07275079769774506,0.08378777738757082,
EG,EVEREST GROUP LTD,0.174275,XLF,EG,7.782544,6.1450915,14120478720.0,0.047735627729156294,-0.009360546421711358,
AIZ,ASSURANT INC,0.174036,XLF,AIZ,12.802683,11.407619,13185229824.0,0.06154984927681828,0.040354280894137506,
GL,GLOBE LIFE INC,0.168967,XLF,GL,11.015957,10.030124,12732416000.0,0.004778198470157813,-0.007890274907340178,
-,SSI US GOV MONEY MARKET CLASS,0.147401,XLF,-,,,,,,
JKHY,JACK HENRY + ASSOCIATES INC,0.135565,XLF,JKHY,20.450502,18.113726,9993850880.0,0.020482328060803523,0.02857258120138617,
FDS,FACTSET RESEARCH SYSTEMS INC,0.13088,XLF,FDS,18.244171,12.24653,9460434944.0,0.003781058879686938,-0.01606039883692245,
BEN,FRANKLIN TEMPLETON INC,0.126969,XLF,BEN,22.319729,10.299214,16670003200.0,0.04080766672060698,0.04783488199983554,
ERIE,ERIE INDEMNITY COMPANY CL A,0.07617,XLF,ERIE,20.080835,15.78087,11560766464.0,0.0031595576619272148,,
-,US DOLLAR,0.023483,XLF,-,,,,,,
-,POUND STERLING,1e-06,XLF,-,,,,,,
IXAZ6,XAF FINANCIAL     DEC26,-0.00995,XLF,IXAZ6,,,,,,
XOM,EXXONMOBIL HOLDINGS CORP,23.764087,XLE,XOM,21.108107,14.452817,674394669056.0,0.09145751723467876,0.05141364118576308,
CVX,CHEVRON CORP,17.986258,XLE,CVX,19.91233,15.231662,405443805184.0,0.18191339655387684,0.15011385088145413,
COP,CONOCOPHILLIPS,6.709605,XLE,COP,16.788078,13.104283,152269520896.0,0.07889826284630619,0.053440909283980265,
MPC,MARATHON PETROLEUM CORP,4.902866,XLE,MPC,14.638821,8.515075,123293597696.0,0.8856554865331954,1.0674362631856695,
VLO,VALERO ENERGY CORP,4.894958,XLE,VLO,17.035639,10.363947,116984922112.0,0.5780168771403831,0.8743835438203285,
PSX,PHILLIPS 66,4.72279,XLE,PSX,15.101597,10.092864,105572950016.0,0.6067923408177633,0.5062497629836138,
WMB,WILLIAMS COS INC,4.293324,XLE,WMB,28.103586,26.66334,86282231808.0,0.01010697589299081,0.030880673958532334,
EOG,EOG RESOURCES INC,3.882648,XLE,EOG,11.002335,9.221128,75303026688.0,0.025197017164541258,0.027305832967607246,
SLB,SLB LTD,3.78299,XLE,SLB,23.775612,15.186498,72337145856.0,-0.033043112578655665,-0.03381931921836856,
TRGP,TARGA RESOURCES CORP,3.137316,XLE,TRGP,26.960766,23.323639,60413796352.0,0.029701968279329583,0.021169701678139807,
KMI,KINDER MORGAN INC,3.133851,XLE,KMI,20.045162,20.11602,69125341184.0,0.048328955831904,0.024883214778639084,
BKR,BAKER HUGHES CO,2.892176,XLE,BKR,18.006432,18.001106,55589748736.0,0.12304767019811336,0.07633110067694893,
OKE,ONEOK INC,2.878052,XLE,OKE,15.177893,14.090672,55400361984.0,0.008734166808066934,0.0014320181064240156,
DVN,DEVON ENERGY CORP,2.717398,XLE,DVN,10.358696,8.773545,52415000576.0,0.0022865658307611447,-0.09605848399355144,
OXY,OCCIDENTAL PETROLEUM CORP,2.210956,XLE,OXY,17.132744,14.213764,58058940416.0,0.06562008614206616,-0.00213922548315737,
FANG,DIAMONDBACK ENERGY INC,1.98644,XLE,FANG,35.250004,9.844674,51961384960.0,0.02637690549078875,0.05334220309928628,
EQT,EQT CORP,1.641259,XLE,EQT,11.640371,13.30254,31382138880.0,-0.12123104726721856,-0.14753037923878987,
HAL,HALLIBURTON CO,1.391293,XLE,HAL,16.675394,10.974206,26607419392.0,-0.01251294224601629,-0.011036142770934343,
EXE,EXPAND ENERGY CORP,1.04241,XLE,EXE,7.372413,9.989545,20458850304.0,-0.015087466682314754,-0.09866045906361631,
TPL,TEXAS PACIFIC LAND CORP,1.033324,XLE,TPL,43.502556,4.6524887,23464497152.0,0.014613013631395999,0.023959471816528133,
APA,APA CORP,0.79539,XLE,APA,9.21519,9.771375,15303354368.0,-0.0038048678150142123,0.07683634399004013,
-,SSI US GOV MONEY MARKET CLASS,0.156543,XLE,-,,,,,,
-,US DOLLAR,0.024542,XLE,-,,,,,,
IXPZ6,XAE ENERGY        DEC26,-0.005729,XLE,IXPZ6,,,,,,
LLY,ELI LILLY + CO,15.233236,XLV,LLY,38.3121,24.038502,1018687389696.0,0.020333791632482834,0.0702790115799623,
JNJ,JOHNSON + JOHNSON,10.320592,XLV,JNJ,29.667439,21.093262,617006301184.0,-0.04287731170271958,-0.048705081100456904,
ABBV,ABBVIE INC,7.605007,XLV,ABBV,74.24294,16.156101,464433774592.0,-0.01679276684067299,-0.00024595829039320005,
MRK,MERCK + CO. INC.,5.87442,XLV,MRK,114.52381,15.136829,356012851200.0,0.005978440822633324,-0.010884136743369521,
UNH,UNITEDHEALTH GROUP INC,5.427328,XLV,UNH,23.916397,16.448336,333815513088.0,0.08039385014291356,0.08024928179076207,
TMO,THERMO FISHER SCIENTIFIC INC,3.994535,XLV,TMO,35.529026,23.769205,242110529536.0,0.010929876349889733,0.010755414305794408,
AMGN,AMGEN INC,3.645524,XLV,AMGN,25.064678,16.484947,217896321024.0,0.029760604716621675,0.041956164399908014,
GILD,GILEAD SCIENCES INC,3.028098,XLV,GILD,,14.636303,179471122432.0,0.4598639110987215,0.022022484451251767,
ABT,ABBOTT LABORATORIES,2.770133,XLV,ABT,31.553398,16.074652,169826779136.0,0.006767393203785943,0.0012710297652060998,
PFE,PFIZER INC,2.653637,XLV,PFE,37.066666,9.596663,158450925568.0,0.005431072357970912,0.02391143754926328,
ISRG,INTUITIVE SURGICAL INC,2.346886,XLV,ISRG,45.051727,32.416138,140427083776.0,0.034578570078038995,0.025912538817899566,
DHR,DANAHER CORP,2.19356,XLV,DHR,38.15686,23.012255,150481190912.0,-0.00020449537241074012,0.005752097569414527,
VRTX,VERTEX PHARMACEUTICALS INC,2.126475,XLV,VRTX,29.430323,25.103277,127848112128.0,-0.1553597142781037,-0.06358373964958919,
BMY,BRISTOL MYERS SQUIBB CO,2.057325,XLV,BMY,13.469164,9.3147745,124912001024.0,0.10127711775222203,0.06088479786945222,
MDT,MEDTRONIC PLC,1.831969,XLV,MDT,21.275862,13.480677,110491926528.0,0.004416915086614903,0.0003965558964269533,
CVS,CVS HEALTH CORP,1.804166,XLV,CVS,22.812664,10.130231,110579777536.0,0.08199462453825657,0.018070320253454453,
MCK,MCKESSON CORP,1.735146,XLV,MCK,24.183329,17.89724,105197150208.0,0.008591346268951972,0.0014059355986946187,
SYK,STRYKER CORP,1.577468,XLV,SYK,28.571575,16.47423,105647521792.0,0.000327027268735014,-0.00029478999053433874,
ELV,ELEVANCE HEALTH INC,1.370448,XLV,ELV,17.09111,13.081779,83804798976.0,0.009794822062529018,0.007417967024815786,
REGN,REGENERON PHARMACEUTICALS,1.192693,XLV,REGN,18.180021,11.959699,75692515328.0,0.18511623498535856,0.05245993657208614,
CI,THE CIGNA GROUP,1.17229,XLV,CI,11.183547,8.079232,71484973056.0,0.0036065184432760855,0.0009864993085537677,
MRNA,MODERNA INC,1.161491,XLV,MRNA,,-42.691776,75858812928.0,0.028209828194302178,-0.021710898098883602,
BSX,BOSTON SCIENTIFIC CORP,1.03729,XLV,BSX,17.246964,12.491166,61737177088.0,-0.02919076433594503,-0.08346210799872067,
HCA,HCA HEALTHCARE INC,1.032012,XLV,HCA,14.304056,13.327474,94656831488.0,-0.02328331237304171,-0.032583996693072215,
COR,CENCORA INC,0.978733,XLV,COR,22.943577,15.588029,58975133696.0,0.005928909355264134,0.002413241124905152,
CAH,CARDINAL HEALTH INC,0.885994,XLV,CAH,31.53315,16.239805,52864999424.0,0.04586096146307628,0.03970969881955133,
EW,EDWARDS LIFESCIENCES CORP,0.812986,XLV,EW,50.684525,25.213642,49029369856.0,-0.002653437165410999,0.002815011016551461,
BDX,BECTON DICKINSON AND CO,0.803037,XLV,BDX,30.588234,13.287179,48157990912.0,0.006418744135880949,-0.006527056448361379,
A,AGILENT TECHNOLOGIES INC,0.779399,XLV,A,33.0927,24.826468,47302025216.0,0.023044090156888464,0.022045145893889506,
HUM,HUMANA INC,0.754863,XLV,HUM,36.741722,23.440325,46634385408.0,0.035093154358773804,0.05460346717938136,
IQV,IQVIA HOLDINGS INC,0.710502,XLV,IQV,32.155666,17.84215,42501365760.0,0.012040255432945735,0.019502545602099852,
VEEV,VEEVA SYSTEMS INC CLASS A,0.697616,XLV,VEEV,44.808197,26.664675,44254543872.0,0.01907749619034904,0.02151525600065396,
WAT,WATERS CORP,0.692145,XLV,WAT,107.648094,25.697586,41749606400.0,0.004276681372423985,0.004553433144037111,
IDXX,IDEXX LABORATORIES INC,0.675356,XLV,IDXX,36.352734,30.9677,40892157952.0,0.010740542548731469,0.012960053452504061,
ILMN,ILLUMINA INC,0.664297,XLV,ILMN,51.035515,44.72466,41229041664.0,0.024071482110351372,0.02936609757454467,
BIIB,BIOGEN INC,0.545119,XLV,BIIB,39.124557,13.29717,32488151040.0,-0.059023246214750746,-0.005387533066833705,
DXCM,DEXCOM INC,0.538752,XLV,DXCM,33.739132,27.344425,32211515392.0,0.029582413674473562,0.016039682591346027,
RMD,RESMED INC,0.528164,XLV,RMD,21.006718,16.544825,30784524288.0,-0.0024193168958456246,0.005614057490502589,
CNC,CENTENE CORP,0.49884,XLV,CNC,,11.778764,31116746752.0,0.3923714343539151,0.19503550853858553,
MTD,METTLER TOLEDO INTERNATIONAL,0.491399,XLV,MTD,33.44262,28.7286,29778132992.0,0.014704407077870574,0.008907794237071442,
GEHC,GE HEALTHCARE TECHNOLOGY,0.478472,XLV,GEHC,14.813364,11.878696,29244993536.0,0.011380387873512143,0.00968792675009511,
ZTS,ZOETIS INC,0.472767,XLV,ZTS,11.368679,10.648506,28797554688.0,-0.09782569213892911,-0.11492751271232282,
WST,WEST PHARMACEUTICAL SERVICES,0.425341,XLV,WST,46.79231,36.559895,25685745664.0,0.04083192225234078,0.044584167801962504,
DGX,QUEST DIAGNOSTICS INC,0.422295,XLV,DGX,24.743372,19.351105,25753415680.0,0.03884745164838743,0.03326792737367934,
LH,LABCORP HOLDINGS INC,0.409028,XLV,LH,25.53725,15.550764,25018537984.0,0.02025161177672996,0.020409370563180262,
STE,STERIS PLC,0.337931,XLV,STE,25.525091,17.027689,20332673024.0,0.0009335871878148883,0.011635312338668102,
VTRS,VIATRIS INC,0.332037,XLV,VTRS,,6.583648,20215199744.0,0.01696257566084558,0.003216097751358671,
INCY,INCYTE CORP,0.330216,XLV,INCY,14.687899,13.128201,23371051008.0,-0.5642540926132438,-0.056933284511797244,
ZBH,ZIMMER BIOMET HOLDINGS INC,0.278084,XLV,ZBH,21.429613,9.73723,16840230912.0,0.006191267848089543,0.008596590953333871,
RVTY,REVVITY INC,0.275399,XLV,RVTY,72.85097,25.715479,16908687360.0,0.018719806763284996,0.010983882756230523,
CRL,CHARLES RIVER LABORATORIES,0.226736,XLV,CRL,,22.783337,13853343744.0,0.023067173180489675,0.034102736889964236,
SOLV,SOLVENTUM CORP,0.210264,XLV,SOLV,10.739608,12.150223,14954153984.0,0.09023584437780885,0.026082341237460227,
BAX,BAXTER INTERNATIONAL INC,0.202356,XLV,BAX,,11.535061,12144235520.0,0.06822214336408794,0.011684750208656336,
-,SSI US GOV MONEY MARKET CLASS,0.200299,XLV,-,,,,,,
TECH,BIO TECHNE CORP,0.18767,XLV,TECH,62.413795,31.307024,11353640960.0,-0.014130094656966352,0.00548705194872956,
COO,COOPER COS INC/THE,0.185387,XLV,COO,19.5567,12.124634,10821737472.0,-0.021244827623461804,-0.0606074554995617,
ALGN,ALIGN TECHNOLOGY INC,0.158995,XLV,ALGN,24.95486,11.494354,10211269632.0,-0.006335375299253654,0.010704916098351003,
PODD,INSULET CORP,0.150203,XLV,PODD,24.52328,17.068882,9133254656.0,0.0033171845588917392,-0.045611478575395936,
UHS,UNIVERSAL HEALTH SERVICES B,0.149775,XLV,UHS,7.172245,7.3220515,10356324352.0,-0.0366596665999519,-0.050704157382527315,
HSIC,HENRY SCHEIN INC,0.134773,XLV,HSIC,24.746355,14.170402,9669254144.0,0.005314285180025635,0.01258215676728347,
DVA,DAVITA INC,0.098727,XLV,DVA,15.156065,10.358613,11469217792.0,-0.004906375391604101,-0.002261129295854647,
-,US DOLLAR,0.011479,XLV,-,,,,,,
IXCZ6,XAV  HEALTH CARE  DEC26,-0.001871,XLV,IXCZ6,,,,,,
AMZN,AMAZON.COM INC,23.328657,XLY,AMZN,20.234915,24.009829,2712973606912.0,0.4830460375516481,0.0527163090674454,
TSLA,TESLA INC,17.651845,XLY,TSLA,346.34576,171.64972,1463662804992.0,-0.16753076572470382,-0.1571515572663319,
HD,HOME DEPOT INC,4.981696,XLY,HD,19.919014,17.650768,282196508672.0,0.00475349558116811,-0.004191458621386146,
MCD,MCDONALD S CORP,4.244592,XLY,MCD,18.83753,16.775675,164095000576.0,-0.006823154196967884,-0.02794578770343148,
TJX,TJX COMPANIES INC,4.114637,XLY,TJX,24.570368,22.98078,146572165120.0,0.0045540738869784825,0.002408132438603161,
BKNG,BOOKING HOLDINGS INC,3.357764,XLY,BKNG,17.66889,12.860992,123221180416.0,0.000578384506955798,0.0042730981626735165,
SBUX,STARBUCKS CORP,3.015715,XLY,SBUX,54.745663,30.35003,107969396736.0,0.09074355338127549,0.03738880097868447,
LOW,LOWE S COS INC,2.851187,XLY,LOW,15.296109,13.883332,101438570496.0,-0.014839347756853916,-0.03374844001109989,
MAR,MARRIOTT INTERNATIONAL  CL A,2.115162,XLY,MAR,37.19793,27.281406,93604667392.0,0.011104141283761804,0.005544461537638545,
ROST,ROSS STORES INC,2.093733,XLY,ROST,27.634823,25.469854,73007816704.0,0.12568416758915202,0.04442998429207634,
HLT,HILTON WORLDWIDE HOLDINGS IN,1.979397,XLY,HLT,47.31259,30.546032,71876730880.0,0.002631088758498601,0.003650759670961401,
GM,GENERAL MOTORS CO,1.940274,XLY,GM,34.941963,5.2007575,70791413760.0,0.05776672194582644,0.06858219674619748,
ORLY,O REILLY AUTOMOTIVE INC,1.917836,XLY,ORLY,26.952381,23.25505,68680769536.0,0.0071986855642398595,0.008312163622743451,
DASH,DOORDASH INC   A,1.911196,XLY,DASH,99.03141,22.922743,81958305792.0,0.016425644591637534,0.01851222518260731,
ABNB,AIRBNB INC CLASS A,1.877015,XLY,ABNB,37.0,26.232489,97260748800.0,0.04024016476968173,0.032812972501350846,
RCL,ROYAL CARIBBEAN CRUISES LTD,1.872338,XLY,RCL,17.155033,13.583104,74282139648.0,0.029288700514439103,0.0213654230102005,
F,FORD MOTOR CO,1.339925,XLY,F,,6.18543,48249909248.0,0.13551729819786296,0.06857014879716816,
GRMN,GARMIN LTD,1.306142,XLY,GRMN,28.985567,25.548294,54223450112.0,0.057013807990847765,0.07849611824931357,
AZO,AUTOZONE INC,1.283017,XLY,AZO,19.26867,14.520288,45155500032.0,-0.03603361487757539,-0.028054373563967006,
CVNA,CARVANA CO,1.265346,XLY,CVNA,33.74074,28.19087,70686736384.0,0.014164507772020718,0.1185408237190071,
EBAY,EBAY INC,1.182413,XLY,EBAY,22.35294,15.850883,47347998720.0,0.0015318012055178798,-0.006178295572147552,
NKE,NIKE INC  CL B,1.178098,XLY,NKE,16.128572,19.054852,50246103040.0,-0.24651769582008043,-0.2334835431853325,
CMG,CHIPOTLE MEXICAN GRILL INC,1.140294,XLY,CMG,29.962963,23.599422,40948928512.0,0.014051336332363107,0.009857377907963372,
YUM,YUM  BRANDS INC,1.040054,XLY,YUM,17.143576,19.6429,37147295744.0,-0.0517667925612163,-0.0649855328725285,
DHI,DR HORTON INC,0.97266,XLY,DHI,12.820513,11.686804,37759672320.0,-0.014031373595136287,-0.04951213036407687,
CCL,CARNIVAL CORP LTD,0.890344,XLY,CCL,11.348018,10.0581,34637160448.0,0.005818097580098991,-0.027133387779909368,
EXPE,EXPEDIA GROUP INC,0.838511,XLY,EXPE,16.666668,10.811216,31805126656.0,0.06312936923231005,0.061212102320055806,
WSM,WILLIAMS SONOMA INC,0.766194,XLY,WSM,23.80123,22.094099,27357507584.0,0.05231576833343321,0.029041985663622816,
TPR,TAPESTRY INC,0.662884,XLY,TPR,16.269972,13.272611,23552145408.0,0.026536230130015825,0.022846306352900747,
ULTA,ULTA BEAUTY INC,0.644536,XLY,ULTA,19.799345,16.948193,23246809088.0,0.00609737024841972,0.005292109417402768,
DRI,DARDEN RESTAURANTS INC,0.624949,XLY,DRI,19.449514,16.15923,22745821184.0,-0.0016614670052877978,0.0007586475734979725,
PHM,PULTEGROUP INC,0.608086,XLY,PHM,11.821246,10.5492,22044985344.0,0.0074780065967734455,-0.007878628623674278,
BBY,BEST BUY CO INC,0.484439,XLY,BBY,14.637271,12.19568,18449745920.0,0.04282336563720657,0.020010747062233936,
GPC,GENUINE PARTS CO,0.480929,XLY,GPC,508.96,15.304416,17541275648.0,0.004135352004484449,-0.010044890037269494,
TSCO,TRACTOR SUPPLY COMPANY,0.460949,XLY,TSCO,16.192709,15.179552,16199137280.0,-0.11479532744299947,-0.11019060561711613,
LEN,LENNAR CORP A,0.443364,XLY,LEN,15.115529,14.767788,19225839616.0,-0.11528653415628876,-0.2053584275806497,
NVR,NVR INC,0.432297,XLY,NVR,15.576129,15.174452,15972771840.0,-0.005333526515819975,-0.05965528817049337,
RL,RALPH LAUREN CORP,0.381222,XLY,RL,22.882242,17.374086,21650399232.0,0.027183722464986237,0.027305799377264517,
HAS,HASBRO INC,0.353846,XLY,HAS,15.9323845,13.74639,12629121024.0,0.03069166947587676,0.01615998399784968,
DECK,DECKERS OUTDOOR CORP,0.302118,XLY,DECK,11.254623,9.503197,10774709248.0,0.002880797973028759,0.0027449798449314944,
LULU,LULULEMON ATHLETICA INC,0.27921,XLY,LULU,7.7744856,10.925018,10457668608.0,-0.1281655253332562,-0.2532010622502515,
DPZ,DOMINO S PIZZA INC,0.272108,XLY,DPZ,16.86204,14.261296,9845620736.0,-0.006781227442848148,-0.0030254465669791175,
LVS,LAS VEGAS SANDS CORP,0.265017,XLY,LVS,14.042636,10.319586,23466213376.0,-0.08244912984877006,-0.04360807217887808,
APTV,APTIV PLC,0.254546,XLY,APTV,19.701357,6.65137,9213958144.0,-0.06502242885006815,-0.03942624442891629,
NCLH,NORWEGIAN CRUISE LINE HOLDIN,0.187432,XLY,NCLH,9.175758,9.123395,6952103936.0,-0.07360240963855424,-0.18468787155224087,
WYNN,WYNN RESORTS LTD,0.157442,XLY,WYNN,18.552567,14.727288,7813658112.0,-0.004037271685507937,-0.07652456476111735,
MGM,MGM RESORTS INTERNATIONAL,0.149618,XLY,MGM,18.472727,14.752789,7668547072.0,-0.030141978178829798,-0.13668033324299989,
-,SSI US GOV MONEY MARKET CLASS,0.082204,XLY,-,,,,,,
-,US DOLLAR,0.016186,XLY,-,,,,,,
IXYZ6,XAY CONS DISCRET  DEC26,-0.002902,XLY,IXYZ6,,,,,,
WMT,WALMART INC,10.61705,XLP,WMT,37.63899,32.27914,827172388864.0,-0.005744155915757165,-0.01835794958259407,
COST,COSTCO WHOLESALE CORP,9.271843,XLP,COST,44.454372,36.8047,408092835840.0,0.0048979091375003225,0.0003053913598292102,
PG,PROCTER + GAMBLE CO/THE,7.64577,XLP,PG,21.889729,19.584867,336833609728.0,-0.01265471750437197,-0.010069116470484363,
KO,COCA COLA CO/THE,7.618344,XLP,KO,25.876133,24.288364,368513318912.0,0.01044264959279162,0.012318141628486545,
PM,PHILIP MORRIS INTERNATIONAL,6.645051,XLP,PM,25.714678,20.39653,292177674240.0,-0.0015994980475664278,0.007246297396286572,
TGT,TARGET CORP,4.588345,XLP,TGT,16.182571,16.33845,70869467136.0,0.22584174701261506,0.07002668334235485,
MO,ALTRIA GROUP INC,4.548468,XLP,MO,14.178947,11.485275,112457244672.0,-0.0002764722145423004,-0.0016242251305425004,
CL,COLGATE PALMOLIVE CO,4.428671,XLP,CL,33.17323,20.548613,67169783808.0,0.015907696020059703,0.01428476020154501,
MDLZ,MONDELEZ INTERNATIONAL INC A,4.267993,XLP,MDLZ,21.315018,17.304033,74695581696.0,-0.0017163839328121488,-0.004729517754929247,
PEP,PEPSICO INC,4.238136,XLP,PEP,16.499344,14.10948,171965743104.0,-0.009864773198191568,-0.017880395957647788,
MNST,MONSTER BEVERAGE CORP,3.960673,XLP,MNST,39.75926,32.799656,84121681920.0,0.014553307770285073,0.0229432358089523,
KDP,KEURIG DR PEPPER INC,2.744771,XLP,KDP,30.676767,11.98179,41328287744.0,0.002570840201295166,0.0031979735613074656,
ADM,ARCHER DANIELS MIDLAND CO,2.51884,XLP,ADM,21.980873,14.188413,38773399552.0,0.18621483938592664,0.0702479260846176,
SYY,SYSCO CORP,2.428647,XLP,SYY,21.17213,14.426218,37161746432.0,0.023403946136209663,0.01573033707865168,
KR,KROGER CO,2.227273,XLP,KR,31.908108,10.712801,34862448640.0,-0.005089375808103869,-0.005203058286168183,
KVUE,KENVUE INC,2.173783,XLP,KVUE,20.235294,13.873095,33037305856.0,-0.005216659655027378,0.002539076714079158,
KMB,KIMBERLY CLARK CORP,2.06204,XLP,KMB,18.648222,12.638475,31321890816.0,-0.02130204982989925,-0.013139911440089858,
DG,DOLLAR GENERAL CORP,1.724174,XLP,DG,15.4467535,14.349745,26240161792.0,0.0734744115858954,0.047672316172100215,
HSY,HERSHEY CO/THE,1.531694,XLP,HSY,21.883879,16.247885,32186281984.0,0.007149094084261121,-0.0042690932595390585,
CASY,CASEY S GENERAL STORES INC,1.506588,XLP,CASY,29.742899,26.340387,22832513024.0,0.0025429047597780308,-0.0049684820817552655,
CHD,CHURCH + DWIGHT CO INC,1.467133,XLP,CHD,30.227564,23.371536,22370699264.0,0.005345098771027068,-0.013309109759198967,
EL,ESTEE LAUDER COMPANIES CL A,1.465784,XLP,EL,183.94,23.5129,33322827776.0,0.04289990962494339,0.015143571962461522,
DLTR,DOLLAR TREE INC,1.445261,XLP,DLTR,13.728274,14.175094,21044615168.0,0.1407244160638017,0.03329541848459883,
KHC,KRAFT HEINZ CO/THE,1.277784,XLP,KHC,,10.629584,26313428992.0,-0.0032201262756468285,-0.001626039589281536,
STZ,CONSTELLATION BRANDS INC A,1.115846,XLP,STZ,10.749524,9.201596,19278688256.0,-0.0058394593815447315,-0.008675658857092095,
GIS,GENERAL MILLS INC,1.112776,XLP,GIS,,10.151205,17115334656.0,-0.009748739193083611,-0.02441348542647026,
BG,BUNGE GLOBAL SA,1.103804,XLP,BG,23.0,9.476097,20502951936.0,0.019540519963608283,0.03454256342326234,
TSN,TYSON FOODS INC CL A,0.934709,XLP,TSN,32.030865,12.570434,18254979072.0,-0.08948146837856297,-0.08746573525510659,
SJM,JM SMUCKER CO/THE,0.814477,XLP,SJM,54.76168,10.729937,12518608896.0,0.07655186335527864,0.032636570184446656,
MKC,MCCORMICK + CO NON VTG SHRS,0.737001,XLP,MKC,7.432612,13.8967085,12019109888.0,0.0004273047751308656,-0.02732152799632037,
CLX,CLOROX COMPANY,0.641002,XLP,CLX,16.717257,12.843838,9724062720.0,-0.07374130121903133,-0.07888089806222043,
HRL,HORMEL FOODS CORP,0.382616,XLP,HRL,32.66129,12.885532,11144603648.0,-0.028942329579690118,0.006939193951432054,
BF-B,BROWN FORMAN CORP CLASS B,0.302332,XLP,BF-B,16.87742,15.263879,12003889152.0,-0.004117186902640402,0.003560198387370761,
-,SSI US GOV MONEY MARKET CLASS,0.180075,XLP,-,,,,,,
-,US DOLLAR,0.082123,XLP,-,,,,,,
-,CONTRA WALGREENS BOOTS,0.0,XLP,-,,,,,,
IXRZ6,XAP CONS STAPLES  DEC26,-0.011516,XLP,IXRZ6,,,,,,
CAT,CATERPILLAR INC,7.079205,XLI,CAT,36.36215,26.111473,388618321920.0,0.10216211570473077,0.0738115382204505,
GE,GENERAL ELECTRIC,6.040659,XLI,GE,36.50472,34.11351,321187840000.0,0.048521125826936684,0.03233955800292132,
GEV,GE VERNOVA INC,4.901436,XLI,GEV,28.329512,39.350037,263324024832.0,-0.007092836446237372,0.016096870770619054,
RTX,RTX CORP,4.647229,XLI,RTX,32.45694,23.504078,248903958528.0,0.047802253431493025,0.036649836336362096,
ETN,EATON CORP PLC,3.165501,XLI,ETN,44.455654,26.93342,169341501440.0,0.017069176780943218,0.028752473740295548,
DE,DEERE + CO,3.1215,XLI,DE,38.166668,30.074898,185232654336.0,0.0012429160689162444,-0.00021197872504441495,
UNP,UNION PACIFIC CORP,3.015805,XLI,UNP,22.514565,19.601835,165319327744.0,0.03333365005764377,0.03219391820756967,
BA,BOEING CO/THE,2.831981,XLI,BA,69.37634,47.320786,152872239104.0,-1.6457433042798892,-0.011060510610876872,
UBER,UBER TECHNOLOGIES INC,2.583663,XLI,UBER,14.936404,15.405286,139118772224.0,0.04669092967238364,0.01574007479056183,
PH,PARKER HANNIFIN CORP,2.269418,XLI,PH,34.12456,24.673332,122650632192.0,0.04127010652629304,0.05289946995819883,
ADP,AUTOMATIC DATA PROCESSING,1.954079,XLI,ADP,23.53242,19.232088,102106095616.0,0.005318433518350929,0.005799031467909499,
LMT,LOCKHEED MARTIN CORP,1.913151,XLI,LMT,18.62233,15.43042,116643954688.0,0.019902475194683245,0.020276167272695655,
TT,TRANE TECHNOLOGIES PLC,1.881691,XLI,TT,34.594334,26.339725,102070960128.0,0.024197158352297965,0.03184546947417499,
PWR,QUANTA SERVICES INC,1.856389,XLI,PWR,77.49828,34.21473,101716328448.0,0.19489002126778865,0.20131395251350814,
VRT,VERTIV HOLDINGS CO A,1.7657,XLI,VRT,56.925507,27.487595,97086308352.0,0.03941175472399583,0.042345661759609854,
JCI,JOHNSON CONTROLS INTERNATION,1.713118,XLI,JCI,44.01127,25.602959,94641045504.0,0.03551690473953584,0.05676197996758248,
HWM,HOWMET AEROSPACE INC,1.69723,XLI,HWM,49.735485,35.793274,92230803456.0,0.05675887575136018,0.07221776013594239,
EMR,EMERSON ELECTRIC CO,1.648265,XLI,EMR,35.363235,22.232431,90517757952.0,0.008013692105837134,0.01275361995772939,
CSX,CSX CORP,1.606571,XLI,CSX,27.57558,20.856146,87862886400.0,0.04110763538862838,0.03467080429732872,
GD,GENERAL DYNAMICS CORP,1.574467,XLI,GD,20.115173,17.75888,89308217344.0,0.019033501120781837,0.020639629535834425,
MMM,3M CO,1.566653,XLI,MMM,28.754885,16.469593,83490308096.0,0.02661689057870431,0.03651780178249808,
BE,BLOOM ENERGY CORP  A,1.523422,XLI,BE,370.70514,58.666466,85162582016.0,0.2541187916975538,0.12296719102553322,
WM,WASTE MANAGEMENT INC,1.398591,XLI,WM,28.917963,22.446018,81721769984.0,-0.007329047796654109,-0.0150204056915334,
CMI,CUMMINS INC,1.326256,XLI,CMI,27.024042,15.279712,72902385664.0,0.008338445915927917,0.04635674491274355,
UPS,UNITED PARCEL SERVICE CL B,1.311059,XLI,UPS,17.289963,11.534931,79139700736.0,0.010656807307525051,0.007688683901747817,
NSC,NORFOLK SOUTHERN CORP,1.298566,XLI,NSC,27.108454,22.175837,71299678208.0,0.05497665211860703,0.04746023489072382,
HON,HONEYWELL INTERNATIONAL INC,1.262752,XLI,HON,8.230385,21.530315,67821993984.0,0.00915450121654482,0.04053015588846298,
ITW,ILLINOIS TOOL WORKS,1.259719,XLI,ITW,23.815218,21.223286,74879623168.0,0.010658898486387125,0.018390470370224454,
CTAS,CINTAS CORP,1.254384,XLI,CTAS,37.996063,31.329533,77114769408.0,0.018975258778609172,0.01838426114180125,
NOC,NORTHROP GRUMMAN CORP,1.199445,XLI,NOC,15.203562,15.69621,67906125824.0,0.03763446053886188,0.009617373799527318,
URI,UNITED RENTALS INC,1.1994,XLI,URI,26.005293,18.860416,67286622208.0,0.04341521968320916,0.06409491207997409,
FDX,FEDEX CORP,1.176978,XLI,FDX,15.65283,13.927962,68719624192.0,0.010846932898282757,0.012244530345487892,
TDG,TRANSDIGM GROUP INC,1.130214,XLI,TDG,33.112057,22.56567,60988862464.0,0.02865220411365299,0.03054286579565879,
FIX,COMFORT SYSTEMS USA INC,1.103429,XLI,FIX,41.488834,28.71475,60816150528.0,0.1358285674024231,0.13126778694708086,
PCAR,PACCAR INC,1.078367,XLI,PCAR,23.090527,15.181463,57731710976.0,0.05447747908136025,0.07376807888101244,
FAST,FASTENAL CO,1.073972,XLI,FAST,43.37607,36.177902,58235502592.0,0.02030341973602323,0.022942493742956316,
AME,AMETEK INC,1.064177,XLI,AME,36.778103,26.28372,57743110144.0,0.02666941963901648,0.09336998603345625,
GWW,WW GRAINGER INC,1.034927,XLI,GWW,32.677387,25.107897,60446961664.0,0.01761349269267054,0.011243635841528654,
DAL,DELTA AIR LINES INC,0.933117,XLI,DAL,13.945272,10.3625345,55299518464.0,0.025296046368224134,0.04433818269744205,
ROK,ROCKWELL AUTOMATION INC,0.915231,XLI,ROK,42.542133,30.468382,50454966272.0,0.01662114979085283,0.019966813175688936,
HONA,HONEYWELL AEROSPACE INC,0.909973,XLI,HONA,47.143295,16.99455,49010401280.0,-0.1972500817781404,-0.10626913646060676,
WAB,WABTEC CORP,0.906004,XLI,WAB,38.75202,23.085365,48568627200.0,0.02350107752124897,0.024735805049013404,
CARR,CARRIER GLOBAL CORP,0.848225,XLI,CARR,39.37143,16.658556,45781590016.0,0.029590429295275333,0.030497637440936032,
LHX,L3HARRIS TECHNOLOGIES INC,0.826905,XLI,LHX,23.923155,17.475016,44058382336.0,0.024334748278896923,-0.0028449282367404294,
FERG,FERGUSON ENTERPRISES INC,0.798441,XLI,FERG,21.9813,17.817722,43203796992.0,0.004255470241001369,-3.6698389499156825e-05,
RSG,REPUBLIC SERVICES INC,0.753418,XLI,RSG,29.68272,26.003355,64169992192.0,-0.0014944626658798255,-2.109207310274641e-05,
UAL,UNITED AIRLINES HOLDINGS INC,0.676642,XLI,UAL,10.534644,7.7262206,36517339136.0,-0.11987462830507112,-0.05193114332419657,
AXON,AXON ENTERPRISE INC,0.639702,XLI,AXON,172.22916,39.202873,33579487232.0,-0.0046483014971069325,-0.0027890850212231033,
EME,EMCOR GROUP INC,0.632681,XLI,EME,24.51262,21.404942,34697289728.0,0.12015164214200325,0.12492419945285871,
ODFL,OLD DOMINION FREIGHT LINE,0.619892,XLI,ODFL,34.70769,26.97649,37423722496.0,0.06402098376029874,0.04287149891159503,
PAYX,PAYCHEX INC,0.602064,XLI,PAYX,19.630953,15.487059,35220709376.0,-0.0008850121186317894,-0.00036145313548852087,
IR,INGERSOLL RAND INC,0.48474,XLI,IR,31.433884,19.408434,29515116544.0,0.01408635598299135,0.01754217443001571,
DOV,DOVER CORP,0.47251,XLI,DOV,22.93712,16.312916,25547491328.0,0.0034492132275962817,0.00703455298432587,
HUBB,HUBBELL INC,0.460284,XLI,HUBB,28.170616,20.716602,25127321600.0,0.018454185437693393,0.01470362000551706,
OTIS,OTIS WORLDWIDE CORP,0.457916,XLI,OTIS,16.465296,14.125603,24381872128.0,-0.037395465382993875,-0.039823140026850945,
EXPD,EXPEDITORS INTL WASH INC,0.454606,XLI,EXPD,28.016012,24.055593,25019295744.0,0.1473209826491102,0.17049824739634833,
XYL,XYLEM INC,0.43874,XLI,XYL,24.06383,16.29811,23766622208.0,0.023818173602638826,0.02457297907384204,
VLTO,VERALTO CORP,0.42958,XLI,VLTO,23.848866,19.84914,23082354688.0,0.03530274953202439,0.026816047966945478,
CPRT,COPART INC,0.42826,XLI,CPRT,17.56129,15.548777,25214713856.0,-0.03974533609712749,-0.05439362184819485,
VRSK,VERISK ANALYTICS INC,0.408239,XLI,VRSK,25.173578,18.840332,21471860736.0,0.005400624593974834,0.003131050914462863,
LUV,SOUTHWEST AIRLINES CO,0.381259,XLI,LUV,26.21605,9.226973,20776673280.0,0.03573218183224536,-0.020762062803165726,
SNA,SNAP ON INC,0.354282,XLI,SNA,18.763988,17.179825,19082135552.0,-0.0016640275914310276,0.004123430844576337,
BR,BROADRIDGE FINANCIAL SOLUTIO,0.342275,XLI,BR,16.346874,13.556706,17717401600.0,0.0136656551077321,0.012054618226708724,
CHRW,C.H. ROBINSON WORLDWIDE INC,0.333314,XLI,CHRW,30.156788,20.975914,18429779968.0,0.01884244488084552,0.023913697710489235,
DD,DUPONT DE NEMOURS INC,0.325002,XLI,DD,55.785408,16.319387,17549821952.0,0.014011505859776063,0.010656305594116455,
NDSN,NORDSON CORP,0.324402,XLI,NDSN,33.793316,25.690796,18584164352.0,0.03053462114467509,0.03403437844967239,
IEX,IDEX CORP,0.314659,XLI,IEX,33.57205,24.204641,17175998464.0,0.03894492621240153,0.04287155218832228,
FTV,FORTIVE CORP,0.314133,XLI,FTV,30.407408,17.679813,17520363520.0,0.0049786083239129475,0.009775933249045687,
JBHT,HUNT (JB) TRANSPRT SVCS INC,0.314003,XLI,JBHT,33.361824,23.422762,21991378944.0,-0.012910779059065569,0.0837419448642982,
EFX,EQUIFAX INC,0.305768,XLI,EFX,24.647888,13.829347,16447885312.0,-0.005709291080859935,-0.01381174027148091,
J,JACOBS SOLUTIONS INC,0.304775,XLI,J,45.867107,16.700172,16302245888.0,0.002498206698670291,0.004002905020876968,
LDOS,LEIDOS HOLDINGS INC,0.28509,XLI,LDOS,10.9934635,9.234292,14809979904.0,0.005881455810391678,-0.028895579408196315,
SWK,STANLEY BLACK + DECKER INC,0.252013,XLI,SWK,22.332516,14.317219,13793859584.0,0.03885481709656413,0.024449736409810185,
MAS,MASCO CORP,0.250784,XLI,MAS,15.860789,14.684875,13479732224.0,0.06081868880554042,-0.01052996278166174,
TXT,TEXTRON INC,0.24723,XLI,TXT,14.549907,10.637434,13434662912.0,-0.007944407579444035,-0.004280425411805955,
FDXF,FEDEX FREIGHT HOLDING CO,0.246596,XLI,FDXF,25.773972,21.920387,16879100928.0,-0.007117619711761947,0.005221556886227496,
ALLE,ALLEGION PLC,0.244398,XLI,ALLE,20.237534,15.778736,13113523200.0,0.019202324713506913,0.0226136825742298,
GNRC,GENERAC HOLDINGS INC,0.228517,XLI,GNRC,49.83908,17.425146,12805061632.0,0.0758685148268956,0.12493206738914986,
LII,LENNOX INTERNATIONAL INC,0.211121,XLI,LII,15.821491,13.663475,12313968640.0,-0.03408596912774198,-0.024311378410555973,
HII,HUNTINGTON INGALLS INDUSTRIE,0.201359,XLI,HII,16.003576,12.889037,10581711872.0,0.06424150653573357,0.03758506577423848,
ROL,ROLLINS INC,0.169939,XLI,ROL,27.41818,23.38075,14511345664.0,-0.061338110770120635,-0.07489350105423198,
PNR,PENTAIR PLC,0.15724,XLI,PNR,13.667525,10.273349,8569941504.0,-0.13048195362844783,-0.11288964353352426,
-,SSI US GOV MONEY MARKET CLASS,0.11975,XLI,-,,,,,,
AOS,SMITH (A.O.) CORP,0.116158,XLI,AOS,15.8078,13.8878355,7712811520.0,-0.008030051013505402,-0.020480613651345347,
-,US DOLLAR,0.011632,XLI,-,,,,,,
IXIZ6,XAI EMINI INDUSTR DEC26,-0.001134,XLI,IXIZ6,,,,,,
LIN,LINDE PLC,12.159063,XLB,LIN,30.954165,24.515099,221030776832.0,-1.0,-0.007412513765316597,
NEM,NEWMONT CORP,6.788736,XLB,NEM,14.445,11.294488,121764675584.0,-0.09972357006322596,-0.10044012892629983,
FCX,FREEPORT MCMORAN INC,5.589741,XLB,FCX,35.31373,17.248646,103450705920.0,0.09474694858723276,0.056982335374804016,
SHW,SHERWIN WILLIAMS CO/THE,4.734509,XLB,SHW,29.50231,23.538036,77563658240.0,0.03102837030534955,0.024659709892870474,
ECL,ECOLAB INC,4.715929,XLB,ECL,36.787636,29.066526,76725944320.0,-0.029632570390726753,-0.022109695346125724,
VMC,VULCAN MATERIALS CO,4.620521,XLB,VMC,28.970201,22.819193,31495407616.0,-0.015852712842462702,-0.02810575209389521,
MLM,MARTIN MARIETTA MATERIALS,4.469596,XLB,MLM,31.154392,21.812075,34250518528.0,-0.09446133751306163,-0.051470184470184366,
STLD,STEEL DYNAMICS INC,4.447067,XLB,STLD,21.051723,11.755251,33250684928.0,0.03812354990159661,0.06948089526995593,
APD,AIR PRODUCTS + CHEMICALS INC,4.381251,XLB,APD,,19.22648,61810827264.0,0.021348182394449244,0.014932025539106553,
NUE,NUCOR CORP,4.330088,XLB,NUE,19.200478,12.160316,54538645504.0,0.11077155555555551,0.16375954964643968,
CRH,CRH PLC,4.327351,XLB,CRH,14.477033,12.787221,54513410048.0,-0.03766605152109992,-0.04799633055125796,
VYLR,VYLOR INC,3.834892,XLB,VYLR,96.08572,16.583454,47858585600.0,,,
PPG,PPG INDUSTRIES INC,3.61333,XLB,PPG,15.086083,12.150606,23374845952.0,0.0025204620889487384,-0.0019974144323571252,
SW,SMURFIT WESTROCK PLC,3.505727,XLB,SW,45.25532,12.398682,22313205760.0,-0.15311961423808862,0.06958183558372477,
IFF,INTL FLAVORS + FRAGRANCES,3.293358,XLB,IFF,,20.80441,21042112512.0,-0.2682249794547469,-0.17749542585735323,
PKG,PACKAGING CORP OF AMERICA,3.158948,XLB,PKG,29.68052,17.397871,20362524672.0,0.007012239159532863,0.0720135861448743,
DOW,DOW INC,3.094838,XLB,DOW,,15.952865,20203870208.0,-0.13641418421457252,-0.16151107073252924,
AMCR,AMCOR PLC,3.001842,XLB,AMCR,17.588234,9.608256,19337048064.0,,,
CF,CF INDUSTRIES HOLDINGS INC,2.691818,XLB,CF,8.531899,10.406629,17405399040.0,-0.13083799612214952,0.012335449611834415,
IP,INTERNATIONAL PAPER CO,2.674346,XLB,IP,,10.587109,16930349056.0,-0.04123330265055691,0.1324410108995091,
BALL,BALL CORP,2.322482,XLB,BALL,16.33913,12.463601,15008315392.0,0.0064350418415273225,0.0006061893257582884,
LYB,LYONDELLBASELL INDU CL A,2.318834,XLB,LYB,,9.420036,18923563008.0,0.00888297748634237,-0.09601988603325973,
AVY,AVERY DENNISON CORP,2.019883,XLB,AVY,18.585339,15.186273,12993421312.0,0.015819351029624062,0.006300081056304974,
ALB,ALBEMARLE CORP,1.924658,XLB,ALB,387.37033,9.260283,12342148096.0,-0.06865357943285799,-0.09159734359178107,
MOS,MOSAIC CO/THE,1.063842,XLB,MOS,,13.467819,6698061312.0,-0.5163958467765589,-0.1690947997118838,
CTVA,CORTEVA INC,0.701922,XLB,CTVA,7.2242427,2.891316,7952976896.0,,,
-,SSI US GOV MONEY MARKET CLASS,0.161502,XLB,-,,,,,,
IXDZ6,XAB MATERIALS     DEC26,-0.011384,XLB,IXDZ6,,,,,,
-,US DOLLAR,-0.020624,XLB,-,,,,,,
NEE,NEXTERA ENERGY INC,12.753878,XLU,NEE,17.26517,17.501219,160237060096.0,0.0029333868478229608,-0.002415574204485238,
SO,SOUTHERN CO/THE,7.689384,XLU,SO,20.125002,17.005165,96308396032.0,0.0054510956965265756,0.0011591232147978303,
DUK,DUKE ENERGY CORP,7.101865,XLU,DUK,17.110945,15.914671,88987410432.0,0.0009412136734032739,0.0003724524669743712,
CEG,CONSTELLATION ENERGY,6.832169,XLU,CEG,25.194715,19.330849,91230609408.0,0.032910410501936216,-0.019352824811547986,
AEP,AMERICAN ELECTRIC POWER,5.22064,XLU,AEP,20.68685,17.43806,65093595136.0,0.003983192563448812,-0.000141444571955196,
D,DOMINION ENERGY INC,4.279417,XLU,D,21.214533,16.074018,53923737600.0,-0.0013510878346381094,-0.00026472777597230657,
SRE,SEMPRA,4.086965,XLU,SRE,22.71884,14.148678,51252707328.0,-7.831282842440945e-05,0.00016971185094249996,
ETR,ENTERGY CORP,3.751695,XLU,ETR,25.808184,19.769218,48212525056.0,-0.0004658296881214774,0.007084950350104258,
VST,VISTRA CORP,3.530588,XLU,VST,23.572392,13.442342,46995640320.0,-0.025241922106628012,-0.08368231564399287,
XEL,XCEL ENERGY INC,3.529031,XLU,XEL,19.561644,15.725764,44598890496.0,0.0008219924318328964,0.0012665685480579558,
EXC,EXELON CORP,3.345401,XLU,EXC,14.974264,13.405522,41962242048.0,0.0003676869688236106,0.0001217934580455271,
ED,CONSOLIDATED EDISON INC,3.065292,XLU,ED,17.004934,15.909703,38236581888.0,-0.000922584676588345,0.0019237261094950941,
PEG,PUBLIC SERVICE ENTERPRISE GP,2.70977,XLU,PEG,16.932837,14.568467,33920737280.0,-0.0020664600967698066,-0.0056163156203379305,
WEC,WEC ENERGY GROUP INC,2.654604,XLU,WEC,19.726213,16.93477,33103036416.0,0.0005416091691037295,-0.0011440448971107298,
AEE,AMEREN CORPORATION,2.209032,XLU,AEE,17.595072,17.227262,27667716096.0,0.005001210270542122,-0.001972356221560667,
PCG,P G + E CORP,2.146379,XLU,PCG,8.863309,6.8382897,36989161472.0,0.0003521917866446955,-0.0005048459665025762,
ATO,ATMOS ENERGY CORP,2.116197,XLU,ATO,18.622038,17.42635,26559932416.0,0.0034773468235249627,0.0031264632704517403,
DTE,DTE ENERGY COMPANY,2.053991,XLU,DTE,19.691454,14.87814,25896558592.0,-0.00035919353918445474,0.001121450584961714,
AWK,AMERICAN WATER WORKS CO INC,2.034583,XLU,AWK,22.573656,19.837494,25884450816.0,0.0005015045135405849,0.001074891748490625,
PPL,PPL CORP,1.974216,XLU,PPL,19.408283,15.477904,24683470848.0,-0.000974084232652328,0.0013703484937979127,
CNP,CENTERPOINT ENERGY INC,1.962867,XLU,CNP,22.49405,18.103863,24893038592.0,0.0008328182780041882,0.0026225539640913897,
ES,EVERSOURCE ENERGY,1.939906,XLU,ES,16.709845,13.119168,24295522304.0,-0.0033023103314525626,-0.008898099225699951,
FE,FIRSTENERGY CORP,1.809507,XLU,FE,23.17647,14.694514,25069207552.0,-0.00010974217904080596,0.0008619343979692218,
EIX,EDISON INTERNATIONAL,1.657961,XLU,EIX,5.5614038,8.28799,20737626112.0,0.00020424636359783754,-0.001480384900074072,
NRG,NRG ENERGY INC,1.631761,XLU,NRG,25.259949,8.5109005,20018343936.0,-0.034085379123156234,-0.051679218641674574,
CMS,CMS ENERGY CORP,1.598021,XLU,CMS,19.141142,15.338708,19690536960.0,-0.003436903851649298,-0.00434871155942651,
NI,NISOURCE INC,1.51697,XLU,NI,20.973404,17.499945,18909054976.0,-0.0031645261960545623,0.000831403025951305,
EVRG,EVERGY INC,1.454734,XLU,EVRG,20.145037,17.34271,18254002176.0,0.0015966890453962268,0.002888916228020122,
LNT,ALLIANT ENERGY CORP,1.32291,XLU,LNT,20.357595,17.446701,16679785472.0,0.0015853515853516686,0.000488409764939135,
PNW,PINNACLE WEST CAPITAL,0.918453,XLU,PNW,18.410748,17.182327,11625238528.0,0.0047866238445806175,9.5753848772695e-05,
AES,AES CORP,0.852412,XLU,AES,5.5842695,6.289812,10633181184.0,,-0.0037990535985947815,
-,SSI US GOV MONEY MARKET CLASS,0.16002,XLU,-,,,,,,
-,US DOLLAR,0.025026,XLU,-,,,,,,
IXSZ6,XAU UTILITIES     DEC26,-0.00915,XLU,IXSZ6,,,,,,
WELL,WELLTOWER INC,11.581972,XLRE,WELL,102.11211,71.60692,164081467392.0,-0.04318936877076407,-0.05357142857142849,
PLD,PROLOGIS INC,8.625612,XLRE,PLD,28.71047,38.673042,125312303104.0,0.08393866020984664,0.009335352006055953,
EQIX,EQUINIX INC,7.073032,XLRE,EQIX,65.79346,55.086998,101209522176.0,0.007231215771747568,-0.031385301089873585,
AMT,AMERICAN TOWER CORP,5.314069,XLRE,AMT,22.310865,23.138243,75578720256.0,0.058898451572990895,0.019962635533491202,
SPG,SIMON PROPERTY GROUP INC,4.679637,XLRE,SPG,14.181369,29.667828,76285337600.0,-0.09193216655671543,0.004886957579605999,
PSA,PUBLIC STORAGE,4.595003,XLRE,PSA,27.106972,28.801678,53030547456.0,-0.005448817743914702,-0.0028374880337747044,
VTR,VENTAS INC,4.465065,XLRE,VTR,152.74545,106.341774,43092627456.0,-0.17757009345794394,-0.06693280735115215,
DLR,DIGITAL REALTY TRUST INC,4.449136,XLRE,DLR,87.097565,64.64332,67431858176.0,0.07330207933396649,-0.0356337329879125,
VMRK,VIVMARK RESIDENTIAL,4.413617,XLRE,VMRK,23.17442,40.66794,46264254464.0,,,
CBRE,CBRE GROUP INC   A,4.403942,XLRE,CBRE,29.652176,14.254662,37523169280.0,0.019672648176940477,0.02641589537973066,
O,REALTY INCOME CORP,4.244625,XLRE,O,40.0963,34.85467,51218784256.0,-0.03381404829300383,-0.09777904294934725,
IRM,IRON MOUNTAIN INC,3.916882,XLRE,IRM,80.41844,41.53936,33756522496.0,0.01730217571777315,0.02094093974290412,
CCI,CROWN CASTLE INC,3.330459,XLRE,CCI,27.118368,22.91082,28267259904.0,-0.03594757575504126,-0.018496644204441304,
EXR,EXTRA SPACE STORAGE INC,3.328717,XLRE,EXR,29.41501,27.463581,29408614400.0,0.029243638129289984,0.022772642473940063,
VICI,VICI PROPERTIES INC,2.963036,XLRE,VICI,8.77907,7.5752506,24939405312.0,-0.050086355785837644,0.01873935264054527,
ESS,ESSEX PROPERTY TRUST INC,2.050771,XLRE,ESS,41.845795,42.64529,18517020672.0,-0.0677265835150932,0.045758708098784906,
SBAC,SBA COMMUNICATIONS CORP,1.984775,XLRE,SBAC,17.097088,19.364723,16813905920.0,0.0221037464358953,0.0015639359789711982,
HST,HOST HOTELS + RESORTS INC,1.825847,XLRE,HST,15.140939,21.371933,15673028608.0,0.013726937269372685,0.05559000000000003,
KIM,KIMCO REALTY CORP,1.763825,XLRE,KIM,25.860464,24.711111,14918355968.0,0.041148148148148156,0.03926096997690531,
INVH,INVITATION HOMES INC,1.679868,XLRE,INVH,23.889908,36.630142,15379829760.0,0.2887312538464031,0.07023063952788133,
MAA,MID AMERICA APARTMENT COMM,1.598522,XLRE,MAA,33.704678,35.1479,13754781696.0,0.10200794683232894,-0.007290155129190068,
DOC,HEALTHPEAK PROPERTIES INC,1.586963,XLRE,DOC,55.685715,139.21428,13817381888.0,-0.4,-0.06666666666666654,
WY,WEYERHAEUSER CO,1.586261,XLRE,WY,27.984846,28.238998,13311993856.0,0.08833827093994073,-0.052471460856464036,
REG,REGENCY CENTERS CORP,1.416513,XLRE,REG,24.189188,28.444529,13386245120.0,0.01910129047163278,-1.1931465661141338e-05,
CSGP,COSTAR GROUP INC,1.329763,XLRE,CSGP,152.1111,15.406603,11094309888.0,-0.003003423018881679,-0.010264035776541336,
UDR,UDR INC,1.165726,XLRE,UDR,21.056961,59.410713,12327055360.0,0.2164620281946339,0.0,
CPT,CAMDEN PROPERTY TRUST,1.150121,XLRE,CPT,31.669968,88.0367,9647756288.0,0.008121439458160795,0.3885350318471339,
BXP,BXP INC,1.138682,XLRE,BXP,32.5,27.195185,10934040576.0,0.009426377488385596,0.04593942188698419,
FRT,FEDERAL REALTY INVS TRUST,1.022435,XLRE,FRT,21.553537,33.63525,9273324544.0,0.06065308761720001,0.02161450113692731,
ARE,ALEXANDRIA REAL ESTATE EQUIT,0.873214,XLRE,ARE,,-58.48148,8152153088.0,-0.212443300696881,0.07954545454545447,
-,US DOLLAR,0.089432,XLRE,-,,,,,,
-,SSI US GOV MONEY MARKET CLASS,0.067789,XLRE,-,,,,,,
XARZ6,EMINI S+P REESTATEDEC26,-0.021917,XLRE,XARZ6,,,,,,
META,META PLATFORMS INC CLASS A,22.415767,XLC,META,27.402334,20.858347,1854788337664.0,-0.05261593314153612,-0.02592051035865428,
GOOGL,ALPHABET INC CL A,11.557471,XLC,GOOGL,17.243977,22.791302,4200982642688.0,0.44979826838245085,0.029182452113557522,
GOOG,ALPHABET INC CL C,9.27024,XLC,GOOG,17.068707,22.582298,4162458484736.0,-0.05191355314060664,0.03703780156688863,
WBD,WARNER BROS DISCOVERY INC,4.990725,XLC,WBD,,497.26776,77570809856.0,0.09752223888857692,-0.8722735311456082,
DIS,WALT DISNEY CO/THE,4.377425,XLC,DIS,21.070105,13.659756,176450125824.0,0.014998769512023724,-0.00032318591870938995,
T,AT+T INC,4.348422,XLC,T,8.019802,9.463686,166512967680.0,0.010064735827693738,0.007201835762056907,
TTWO,TAKE TWO INTERACTIVE SOFTWRE,4.340208,XLC,TTWO,,19.697498,37906546688.0,0.04720954421702972,-0.034056134799519744,
VZ,VERIZON COMMUNICATIONS INC,4.160307,XLC,VZ,11.958333,8.684847,190787272704.0,0.017537641421158545,0.003974221675363321,
APP,APPLOVIN CORP CLASS A,4.150177,XLC,APP,20.61645,12.784076,89759965184.0,-0.025155498513326546,-0.05116173831703874,
TMUS,T MOBILE US INC,4.104344,XLC,TMUS,17.117153,11.33467,175531982848.0,0.048969704168311035,0.02900990874033904,
NFLX,NETFLIX INC,4.016305,XLC,NFLX,21.088049,17.579916,279233789952.0,-0.0023357265947110406,-0.005317218018996872,
CMCSA,COMCAST CORP CLASS A,3.971593,XLC,CMCSA,6.9134617,6.0158467,76544090112.0,-0.004011712025986047,-0.04167112127950734,
LYV,LIVE NATION ENTERTAINMENT IN,3.348373,XLC,LYV,,86.49992,39316578304.0,0.20060598630400894,-0.11290652578167981,
RDDT,REDDIT INC CL A,2.767594,XLC,RDDT,34.306267,15.262982,28447748096.0,0.08284174964867685,0.09242001341481121,
OMC,OMNICOM GROUP,2.596201,XLC,OMC,200.40541,6.31382,21133211648.0,-0.02296966847148796,-0.045321943948502086,
CHTR,CHARTER COMMUNICATIONS INC A,1.577291,XLC,CHTR,2.843872,2.3233418,14203066368.0,-0.054768761072133576,-0.042695878295933576,
FOXA,FOX CORP   CLASS A,1.547981,XLC,FOXA,16.21875,10.650615,26261833728.0,0.031015973974263034,0.03686031274879564,
ECHO,ECHOSTAR CORP A,1.547867,XLC,ECHO,,4.1465025,27409393664.0,18.654912280701758,14.721550585905264,
TKO,TKO GROUP HOLDINGS INC,1.336942,XLC,TKO,61.823948,37.506996,33231976448.0,0.11402189994206635,0.1175911158232903,
NWSA,NEWS CORP   CLASS A,1.307987,XLC,NWSA,27.85437,18.978384,15471404032.0,0.02201861862792165,0.03732879532292155,
FOX,FOX CORP   CLASS B,0.934745,XLC,FOX,14.5546875,9.728459,23567339520.0,,,
PSKY,PARAMOUNT SKYDANCE CL B,0.645117,XLC,PSKY,316.6667,11.231439,10632144896.0,-0.15323882155627988,-0.034660640713984114,
NWS,NEWS CORP   CLASS B,0.47477,XLC,NWS,30.432693,20.936417,17067616256.0,0.02201861862792165,0.03732879532292155,
-,SSI US GOV MONEY MARKET CLASS,0.164094,XLC,-,,,,,,
-,US DOLLAR,0.017966,XLC,-,,,,,,
XASZ6,S+P EMINI COM SER DEC26,-0.007768,XLC,XASZ6,,,,,,
